age,income,engagement_score,transaction_freq,avg_transaction_value,days_since_last_purchase,high_value_purchase
56,128173,38,25,88,291,1
69,51728,27,25,278,23,0
46,52764,88,24,168,302,0
32,91104,60,25,200,254,0
60,82047,15,25,84,15,1
25,111167,1,45,52,130,0
38,79598,81,27,104,61,1
56,56017,16,48,140,115,0
36,79766,29,17,64,320,0
40,92717,12,31,149,308,0
28,85512,95,2,14,325,0
28,77681,92,1,60,67,1
41,91666,93,32,203,249,1
70,94232,81,41,198,175,1
53,99553,12,18,118,339,0
57,81217,42,16,68,2,1
41,60822,84,43,67,172,1
20,68667,93,32,120,334,1
39,95162,20,11,201,284,0
70,44576,54,48,224,54,1
19,74216,80,2,110,67,1
41,55166,39,42,57,102,0
61,65718,82,48,171,120,1
47,96961,14,25,84,191,0
55,69777,72,34,108,304,1
19,66160,51,7,256,47,0
38,31003,73,35,216,222,0
50,83656,94,6,162,21,1
29,81137,52,45,48,158,0
39,119081,86,45,166,348,1
61,57305,51,35,235,159,1
42,70478,29,15,119,235,0
66,71234,32,23,258,150,0
44,104436,56,0,253,257,0
59,62617,51,48,283,165,0
45,71975,8,24,174,77,0
33,80197,53,9,196,85,1
32,69665,0,15,263,46,0
64,53839,43,15,185,47,1
68,69852,98,7,109,213,0
61,91840,74,28,114,59,1
72,39337,97,38,169,54,1
69,68324,79,27,46,342,0
74,47496,8,5,138,12,0
20,94876,31,15,237,192,0
54,26920,14,19,10,6,0
68,51026,11,15,272,309,0
24,74430,96,6,239,144,1
38,104138,77,40,113,346,0
26,63356,56,13,193,261,0
56,51120,7,42,150,73,0
35,112028,71,25,248,174,0
21,28799,26,25,228,232,0
42,20000,61,13,37,270,0
31,76000,11,6,196,362,0
67,52448,64,32,133,222,0
26,39469,41,25,156,52,0
43,82708,61,44,91,116,1
70,71095,10,19,289,26,0
19,50898,42,2,233,53,0
37,32992,94,3,90,29,0
45,86811,16,25,43,19,0
64,81255,96,10,119,303,1
24,62520,31,1,184,279,0
61,111165,92,13,169,117,1
25,38247,84,43,250,106,1
64,26861,84,29,213,309,0
52,47702,39,48,227,227,0
31,63860,22,11,176,352,0
34,71083,55,25,38,186,0
53,58969,5,43,134,261,0
67,73801,85,32,234,16,1
57,33711,49,12,145,273,0
21,101094,36,13,190,160,0
19,62946,63,23,124,358,0
23,92932,53,33,67,250,0
71,73568,71,43,140,224,1
59,76418,48,25,174,256,0
21,79244,98,20,97,180,1
71,76192,10,27,131,20,0
46,81068,87,47,74,112,1
35,98228,48,35,239,120,1
43,69913,20,39,126,194,0
61,82725,65,1,266,111,0
51,62756,62,41,272,210,1
27,101002,82,8,143,1,0
53,48090,27,22,69,58,0
31,110023,16,14,10,93,0
48,63996,5,12,32,221,0
65,29230,18,22,40,211,0
32,68202,55,16,260,232,0
25,47973,27,47,159,262,0
31,86016,65,1,181,364,0
40,48684,37,19,10,103,0
74,53845,36,19,54,50,0
57,20000,67,45,220,110,1
38,53692,85,2,172,88,1
33,20000,89,11,138,20,1
62,25402,48,39,195,14,1
35,84010,42,1,280,133,0
64,84645,35,35,132,296,0
70,75636,57,13,155,34,0
41,40825,12,15,165,208,0
43,63807,51,18,341,301,0
42,64909,57,33,10,199,0
62,36040,31,43,204,80,0
58,102584,80,45,140,71,1
46,86934,99,5,195,155,1
32,59475,59,12,97,78,1
62,65672,82,35,146,78,1
18,70209,57,21,206,172,0
42,20000,98,17,399,289,1
24,58820,55,11,214,33,0
26,47950,27,29,82,300,0
41,39959,0,39,116,276,0
18,57972,41,6,113,7,0
61,109942,81,31,10,160,1
25,81021,47,47,123,240,0
41,50720,39,18,208,24,0
28,79314,96,5,48,214,0
68,99983,62,19,233,70,1
34,88115,75,26,189,216,0
25,66490,71,42,91,104,1
52,48826,87,36,138,215,1
52,82455,79,47,277,54,1
50,74837,3,6,208,294,0
22,87379,37,4,150,330,0
59,80879,26,10,130,336,0
56,91238,8,14,156,203,0
58,51619,15,2,109,288,0
45,97934,55,4,10,45,0
24,69939,75,22,313,317,0
26,116881,30,36,162,198,0
25,47770,87,8,181,216,0
29,108399,13,14,145,309,0
51,69947,24,2,91,332,0
50,48714,33,28,135,184,0
65,52902,66,5,22,27,0
72,56991,23,16,332,166,0
40,75604,72,25,51,318,0
41,78070,25,20,67,274,0
54,50657,19,7,114,103,0
52,64391,63,20,253,333,0
61,118556,9,10,151,104,0
57,108188,82,37,51,245,1
39,75908,66,7,250,305,0
44,65950,23,41,208,169,0
52,68000,4,23,193,116,0
18,80337,66,34,207,141,0
52,39430,57,13,341,356,0
54,58565,26,13,324,125,0
64,23285,79,9,95,25,1
31,74980,14,11,279,194,0
20,81179,34,37,180,100,0
18,52920,75,43,189,5,1
22,104349,52,45,14,19,1
43,34355,43,33,136,170,0
72,28390,25,40,84,274,0
31,70611,46,9,216,254,0
56,91177,33,16,235,121,0
44,107098,86,16,10,32,1
26,53527,94,2,148,149,1
32,91967,49,30,239,266,1
32,64037,83,0,135,37,1
43,60684,11,11,208,177,0
59,87091,86,38,178,342,1
30,81308,3,3,177,13,0
68,25590,86,41,128,183,1
49,101913,47,12,52,145,0
56,99502,54,33,60,265,0
66,49360,0,41,206,88,0
69,74895,88,20,151,46,1
49,77350,65,21,138,119,1
21,71516,29,3,116,19,0
47,51242,2,17,125,220,0
54,48209,20,4,233,233,0
40,64361,88,18,123,94,0
56,94318,83,1,42,251,1
62,78590,48,11,209,250,0
32,55734,85,16,133,282,0
60,84292,84,9,152,232,0
46,20000,61,33,278,46,1
53,93719,96,5,148,46,1
30,21507,37,7,173,14,0
49,55938,14,10,55,85,0
24,37008,51,11,132,319,0
68,32632,78,8,198,328,0
39,94020,45,1,25,3,1
45,53307,24,7,166,28,0
19,73662,20,10,158,157,0
59,63826,87,35,153,343,0
62,76926,4,9,232,333,0
74,66920,69,20,176,332,1
70,32925,46,19,268,175,0
23,89906,86,47,70,114,1
45,52656,67,7,160,331,0
45,26085,90,35,156,250,0
61,54297,17,28,64,59,1
61,102518,20,41,226,203,0
37,86255,91,11,335,315,1
47,56283,98,13,148,239,0
28,56268,85,47,190,234,1
72,56959,22,49,156,303,0
45,116918,63,20,92,95,1
42,74548,66,21,10,141,0
56,75751,39,20,93,334,0
50,90757,9,43,38,113,1
18,70969,88,49,286,109,1
74,58523,51,29,140,362,0
44,60091,71,38,122,345,0
74,63209,74,19,221,289,0
69,64069,60,23,60,97,1
30,83190,63,22,88,335,0
58,66298,4,6,155,16,0
20,83316,52,8,232,44,1
56,62982,54,0,190,230,0
23,66965,36,25,169,108,0
25,20000,55,37,156,217,0
44,87908,58,37,182,260,0
26,73662,92,43,166,312,1
54,89950,68,21,67,320,1
50,20000,72,43,153,196,0
68,117209,58,9,64,95,1
59,61510,1,5,156,56,0
61,92704,64,16,111,32,1
41,39002,59,49,353,231,1
32,80319,50,37,146,9,1
71,38664,29,23,37,191,0
49,49405,10,9,139,361,0
49,112850,91,7,191,200,0
41,60232,75,20,283,334,0
58,70435,38,5,102,161,0
69,86751,89,20,23,87,0
66,77392,76,38,215,21,1
66,68760,71,23,39,311,0
69,74124,62,32,115,76,1
29,125085,63,17,129,141,1
56,63559,60,27,144,126,0
19,70027,53,31,205,251,0
20,91266,91,11,95,84,1
66,92638,93,47,128,48,1
54,94675,72,41,148,78,1
66,80968,94,26,161,30,1
73,36424,57,9,157,285,0
34,105835,84,45,184,136,1
66,36341,55,41,217,140,0
19,72565,33,31,181,41,0
19,46143,30,41,186,282,0
45,63396,51,25,23,50,1
71,73219,88,24,154,258,1
40,73033,75,10,188,311,0
54,75548,0,22,208,360,0
49,105342,54,33,94,270,0
50,76338,21,39,97,134,0
18,58896,39,22,104,234,0
36,89102,0,28,192,128,0
19,94736,64,30,232,104,1
70,34309,62,6,117,254,0
61,79935,53,39,222,95,1
43,82529,41,32,159,337,0
49,57560,20,20,140,217,0
23,99392,78,1,133,61,0
49,61248,80,17,209,268,0
72,68139,21,46,176,241,0
21,60673,37,32,332,13,1
72,65389,98,36,81,147,1
28,37593,79,33,191,240,0
73,28998,7,19,107,89,0
34,104862,61,34,80,95,1
55,43825,46,49,149,315,0
41,40215,16,17,160,293,0
22,20000,16,45,383,25,1
69,49025,89,23,135,272,0
51,31922,12,7,59,166,0
23,106050,16,29,171,250,0
39,90245,37,43,10,87,0
28,47796,80,9,142,142,0
65,121310,77,22,151,134,0
33,89544,44,48,213,279,0
50,56879,5,10,227,126,0
26,20000,34,1,109,316,0
23,122273,13,25,137,141,0
33,30260,71,35,88,356,0
46,23865,60,32,59,103,0
20,90564,14,46,174,226,1
37,125993,53,12,48,63,1
53,99606,26,39,116,294,0
36,79097,12,24,70,306,0
43,79868,30,3,193,254,0
20,86335,34,41,294,180,1
36,83973,59,18,45,40,1
37,72029,5,17,10,264,0
49,67605,68,36,140,189,1
24,63435,85,29,151,8,1
69,46150,57,18,167,104,1
58,57983,48,22,114,225,0
50,22676,22,15,133,34,0
57,62541,88,0,179,236,1
56,40285,33,11,233,228,0
35,37410,25,23,10,188,0
57,69497,46,33,120,313,0
18,99800,4,7,167,22,0
28,87957,89,17,76,343,0
45,25737,19,47,288,40,1
74,40259,5,4,99,173,0
42,88519,69,25,146,179,0
67,40437,58,29,194,86,0
40,59384,63,12,102,133,0
48,78751,17,18,10,351,0
47,40791,3,28,115,13,0
59,67634,16,2,232,28,0
52,31649,13,25,123,84,0
24,49965,77,39,82,318,1
33,72994,12,11,224,349,0
43,25175,6,1,123,343,0
65,76011,43,10,109,280,0
74,64509,14,43,161,354,0
69,78812,18,27,211,263,0
66,70597,62,17,340,166,0
19,99103,34,12,216,293,0
18,68130,80,36,242,68,1
65,54264,34,21,109,226,0
29,68057,18,11,67,170,0
22,78582,19,1,154,86,0
54,66221,99,36,158,133,1
49,66014,34,6,63,178,0
72,47450,31,25,135,343,0
26,48427,47,25,181,252,0
58,29934,43,23,178,15,0
52,108739,23,11,190,223,0
36,33903,60,15,173,201,0
65,47677,16,22,109,107,0
33,47039,70,39,108,250,1
20,87373,49,8,54,89,0
37,57626,64,31,292,125,1
41,96193,98,14,151,113,1
71,48162,31,36,132,137,0
73,71974,35,12,75,247,0
50,44116,12,4,384,166,0
41,118628,69,10,64,150,0
69,35310,57,9,115,363,0
28,72745,13,12,183,343,0
66,80844,36,40,198,68,1
25,75344,78,45,226,221,1
53,60367,67,49,294,271,1
55,61754,39,14,190,321,0
57,66095,58,41,65,310,0
37,61324,79,6,129,349,0
52,89096,91,39,174,20,1
65,120263,15,27,315,289,0
42,51062,61,31,38,100,1
52,30754,3,34,246,252,0
42,62792,44,14,164,77,0
46,129492,89,47,217,135,1
35,44908,27,35,141,173,0
63,105977,95,20,82,363,0
35,106942,65,5,210,201,0
19,51160,30,0,202,217,0
71,79224,2,3,227,208,0
52,105709,7,10,148,74,0
33,55521,23,43,102,11,0
58,59910,14,25,25,287,0
53,50457,42,36,215,256,0
50,39631,30,22,183,12,0
21,48768,72,28,72,78,1
50,34401,44,20,106,172,0
31,65852,65,47,112,96,1
38,45750,7,44,31,306,0
65,70844,70,44,84,273,1
37,26102,56,48,59,179,0
73,73272,79,26,117,64,1
25,85838,98,38,90,132,1
24,20000,29,39,19,343,0
20,74351,73,12,311,272,0
34,95691,17,22,250,319,0
50,34758,68,15,87,332,0
65,106814,92,29,171,341,1
29,75475,38,3,183,109,0
68,47374,59,39,245,273,0
39,63605,97,15,84,168,0
72,78958,42,30,237,180,1
39,66900,44,41,106,58,0
63,78468,22,24,43,79,0
47,41983,68,43,207,61,1
55,69234,93,11,253,121,0
55,29657,5,25,357,207,0
62,62219,55,36,54,34,1
68,42402,3,47,205,70,0
71,46611,92,32,117,17,1
25,95902,22,27,212,20,1
44,92282,5,8,32,315,0
44,80228,31,11,48,69,0
51,37692,17,4,87,215,0
38,57089,14,27,156,161,0
47,95327,39,34,98,102,1
50,68542,95,4,202,206,1
45,122983,72,33,232,145,1
64,74832,73,45,197,57,1
50,69801,83,33,279,83,1
22,57272,5,12,183,269,0
65,68338,62,38,52,187,1
36,61188,66,41,259,6,1
21,82702,10,44,101,353,0
52,88917,42,47,222,350,0
66,45350,16,13,275,110,0
34,31719,95,10,186,138,1
61,20000,3,41,30,51,0
45,77699,62,37,76,51,1
47,37415,67,3,255,87,0
46,20000,80,32,136,68,1
63,74714,40,6,156,84,0
70,127324,82,40,210,42,1
23,64848,4,7,205,219,0
52,85962,31,36,172,57,0
58,67045,85,9,133,226,1
54,62527,69,42,124,196,0
41,87976,34,14,218,248,0
46,57743,21,37,194,166,0
66,71684,64,14,129,62,1
63,73042,83,4,236,263,0
70,48297,21,28,139,112,0
48,89801,10,18,81,253,0
52,60626,76,9,89,199,0
50,46106,2,11,71,178,0
69,78412,8,3,128,26,0
38,42538,59,30,248,246,1
49,65704,75,17,85,19,1
40,64772,86,15,165,265,0
50,92147,13,39,97,317,0
20,76867,96,35,129,20,1
35,64374,17,24,29,106,0
42,85444,72,22,132,237,0
59,99755,22,11,134,306,0
48,78945,73,33,193,246,0
71,65258,82,35,167,81,1
20,32204,46,36,54,150,0
57,38372,68,2,236,10,0
63,57369,46,8,166,321,0
41,49762,86,17,165,224,1
67,60325,29,42,149,264,0
49,66416,24,34,108,149,1
64,78242,27,33,167,278,0
39,63237,97,40,188,274,1
40,77162,24,13,10,194,0
19,66611,73,3,106,172,0
44,20000,77,28,129,265,0
59,41516,57,40,170,310,0
19,61397,93,44,245,26,1
43,34757,40,49,88,350,0
34,79998,24,14,110,356,0
57,103268,77,27,108,26,1
50,95469,98,41,85,34,1
26,59663,47,15,122,264,0
60,102268,97,11,211,138,0
71,68716,9,4,65,304,0
65,56572,98,33,184,183,1
56,49664,74,41,13,363,0
46,57438,10,0,105,242,0
59,55295,84,38,123,54,1
72,69260,20,31,283,168,0
43,69014,85,25,128,119,0
52,65076,44,16,10,143,0
67,75923,6,47,10,81,0
42,94766,80,26,152,245,0
41,88738,63,23,199,352,0
30,27877,63,34,180,358,0
24,20000,1,45,163,62,0
74,88357,75,41,242,46,1
53,30828,41,38,106,87,0
62,59380,81,25,221,99,1
37,35747,53,48,19,295,0
18,20000,74,37,77,53,1
25,78536,15,22,10,192,0
63,83978,17,21,128,80,0
33,50587,98,3,146,16,1
31,20000,58,48,159,360,0
29,51343,89,8,154,326,0
68,74795,15,3,75,194,0
40,28027,5,6,134,141,0
32,69583,56,22,30,108,1
45,64617,46,1,259,303,0
51,79482,47,48,125,265,0
19,67989,41,23,110,290,0
49,40673,75,39,277,209,1
40,94914,59,30,50,165,0
39,61036,76,46,59,342,1
68,64317,3,30,62,320,0
42,41668,1,46,144,152,0
39,53917,89,39,184,290,1
39,42879,58,47,209,268,0
66,60676,26,42,355,151,0
69,107792,26,33,10,207,0
59,30702,78,23,198,255,1
23,24660,71,48,105,353,1
32,101779,6,25,103,141,0
71,59766,62,15,100,343,0
60,48273,45,46,77,358,0
54,90997,62,12,284,96,1
50,49859,11,14,217,227,0
25,110650,12,26,151,193,0
70,81948,42,3,258,303,0
61,52802,16,15,28,314,0
61,118932,62,29,43,118,1
22,49857,80,43,10,5,1
56,83552,35,29,94,352,0
21,72482,84,35,162,243,1
23,97543,7,2,158,21,0
62,104037,68,21,161,152,1
49,65800,89,48,37,128,1
69,46164,79,21,214,124,0
47,76499,35,49,169,146,1
64,48057,27,49,208,277,0
52,115334,92,48,10,310,1
72,68413,46,11,174,152,0
57,55866,75,20,54,360,0
69,69617,29,3,118,111,0
33,31321,22,30,192,116,0
30,40709,15,43,157,188,0
67,95010,13,30,81,57,0
59,48577,73,22,150,251,0
47,38827,70,19,27,150,0
36,78416,51,14,242,162,0
34,94642,36,22,133,120,1
73,82973,28,27,239,70,0
36,89901,66,15,107,351,0
45,46080,14,36,108,99,0
72,29454,99,20,88,167,0
43,102533,46,14,220,298,0
54,56933,45,16,93,151,0
43,58729,51,49,201,326,0
70,98204,18,36,119,2,1
40,78905,76,12,10,152,0
26,76397,20,18,104,65,0
29,119125,63,29,55,326,0
70,48912,36,44,152,69,0
18,88196,26,17,54,121,0
18,66425,54,13,224,109,0
64,71714,28,35,142,316,0
51,103211,19,35,135,247,0
49,77695,24,19,202,93,0
71,78457,69,18,227,268,0
65,91812,62,44,148,103,1
42,55876,35,43,88,112,0
57,44019,1,6,10,321,0
62,38879,21,43,95,304,0
70,20000,95,3,100,344,0
18,116405,15,33,158,62,0
33,37419,17,1,122,300,0
56,59468,68,4,205,136,0
22,58079,53,9,100,55,1
39,72685,99,31,145,108,1
46,85393,29,41,244,303,0
72,86511,44,40,177,258,1
20,50423,18,12,145,253,0
29,60821,86,38,101,222,0
43,72064,33,4,99,167,0
33,58782,12,9,81,160,0
68,105183,42,9,106,166,0
54,77274,61,37,210,205,1
39,83371,92,26,132,267,0
74,81572,99,20,42,138,1
46,94336,21,7,291,346,0
31,69525,51,0,175,248,0
45,32579,51,27,37,55,1
22,74992,35,48,114,209,1
64,48716,72,38,158,17,1
66,51784,18,13,286,68,0
47,79659,37,20,61,133,0
63,95957,69,29,228,188,1
69,65531,78,20,261,308,0
22,72720,56,48,99,138,0
29,107555,19,8,127,174,0
33,71018,8,16,67,97,0
43,130042,31,4,133,171,0
43,79137,3,30,147,154,0
65,20980,49,39,202,183,1
38,83833,81,37,237,242,1
56,74528,4,42,90,304,0
53,97243,19,18,10,285,0
50,81829,86,35,148,27,1
47,61538,74,49,173,360,0
54,34392,36,32,169,60,0
40,59774,21,12,123,202,0
27,43736,57,13,159,250,0
71,50486,67,32,271,362,0
22,79714,92,28,180,69,1
53,106747,43,42,120,21,1
51,74866,33,48,109,152,1
69,35102,76,35,136,102,1
48,76115,41,43,280,95,0
27,94915,8,9,135,361,0
36,49755,94,30,148,229,1
49,61649,6,5,111,125,0
18,65367,67,0,237,258,0
73,45377,18,6,306,322,0
22,81207,93,26,186,236,1
62,61976,30,20,156,162,0
21,75488,34,27,152,42,0
33,42812,56,15,10,276,0
41,54063,84,45,209,353,0
33,83059,60,22,160,68,1
72,55679,30,19,184,173,0
19,108174,82,37,93,331,1
66,55009,94,24,119,125,1
45,70617,52,27,117,170,1
49,88314,31,4,231,47,1
44,29540,65,20,119,261,0
37,20979,58,17,316,217,0
41,26858,9,46,184,305,0
29,96564,1,5,47,124,0
67,51203,65,28,139,293,0
52,128954,59,18,97,162,1
50,50893,87,32,10,201,1
50,69613,16,0,277,275,0
68,103552,95,44,206,206,1
60,115152,15,2,192,40,0
54,116537,15,41,163,273,0
29,95209,45,20,39,188,0
20,90601,38,34,111,355,0
18,79813,30,40,217,93,0
50,84459,87,39,65,42,1
57,51220,0,2,10,107,0
27,44545,10,24,131,328,0
60,64915,84,44,138,65,1
61,60745,3,37,160,309,0
46,53669,70,44,208,135,1
30,82409,25,19,201,24,0
29,88882,49,43,170,28,1
48,67210,11,44,245,62,0
63,101938,94,33,28,273,1
19,36457,80,20,190,229,0
68,60158,96,47,200,20,1
67,47079,74,22,50,3,1
52,20000,91,5,29,218,0
40,62932,95,12,90,307,0
34,61956,64,48,97,136,1
43,102836,46,22,210,3,1
25,80770,91,8,100,193,1
46,39395,52,16,81,73,0
43,111352,70,1,101,361,0
27,95525,1,18,239,118,0
43,79552,23,18,151,154,0
51,59337,3,6,135,209,0
68,41014,18,41,141,34,1
58,55694,25,41,253,137,0
24,92218,74,19,90,318,0
21,112114,39,8,255,120,0
70,103581,49,16,166,115,0
67,52778,42,26,137,13,1
62,37009,74,46,350,69,1
28,68522,66,1,65,333,0
46,20789,11,35,121,257,0
73,73079,66,18,51,89,1
53,61309,26,16,226,47,0
42,53349,53,4,285,260,0
38,25132,65,38,283,228,0
74,77840,48,17,247,180,0
53,51682,15,6,134,10,0
27,35752,1,16,120,284,0
54,20000,59,38,16,126,1
26,64312,53,35,312,134,1
41,109306,29,39,187,155,0
52,106531,83,44,110,248,0
66,53572,37,3,256,140,0
52,49944,27,37,72,318,0
65,76719,24,24,182,176,0
53,40040,95,4,136,323,0
35,72544,9,29,201,174,0
66,84152,59,11,144,74,1
56,95673,41,3,33,351,0
49,62496,39,23,156,143,0
41,59908,96,28,233,292,0
40,43050,76,8,147,112,0
49,44327,41,3,212,206,0
54,59338,46,23,66,131,1
29,74184,36,13,147,110,1
66,87839,79,4,100,67,1
72,44920,21,17,209,86,0
30,102317,56,41,152,275,0
40,58221,83,18,205,227,0
42,64465,26,11,237,325,0
52,46319,40,17,205,10,0
58,20000,79,16,171,355,0
47,87101,33,29,70,288,0
34,83421,31,23,149,112,0
66,57966,89,10,107,24,0
37,66674,88,34,122,291,1
65,77898,65,22,120,339,0
42,25936,11,16,71,326,0
39,51773,39,0,10,168,0
30,84856,72,14,96,109,1
36,33642,75,31,165,190,1
66,72338,89,8,42,355,0
53,31085,72,14,151,196,0
29,76660,9,27,302,33,0
58,64108,95,23,231,205,1
36,24621,97,34,281,312,0
29,94118,47,21,181,182,0
26,46635,19,26,243,147,0
24,44743,38,18,92,268,0
45,70014,59,44,98,11,1
31,93715,65,11,10,70,0
48,39604,64,19,244,256,0
69,66541,50,0,273,219,0
36,75720,35,20,105,297,0
64,82327,23,48,129,362,0
33,69411,26,44,89,259,0
70,55824,1,0,180,3,0
22,44310,30,9,239,84,0
52,67153,56,46,10,156,1
29,38196,77,31,182,151,1
42,20000,65,38,127,176,0
69,75913,28,21,159,195,0
38,87598,14,17,186,107,0
53,20000,11,47,134,134,0
70,39756,27,45,141,276,0
40,80478,83,31,132,352,0
33,116437,23,26,227,155,0
74,65519,20,27,183,277,0
56,46799,9,17,167,236,0
62,60427,77,38,48,240,1
70,99371,17,48,119,13,1
59,48850,87,28,221,342,0
56,45020,13,17,153,35,0
31,52931,33,43,202,47,0
48,41166,57,7,291,214,0
22,68066,75,30,233,146,1
52,105616,21,33,157,159,0
40,73076,69,6,109,125,0
46,58691,35,35,10,110,0
60,57704,44,17,136,37,0
28,25920,35,37,123,277,0
35,87077,21,8,181,14,0
64,63054,77,8,137,347,0
29,60488,79,45,124,232,0
26,144827,60,7,10,316,0
27,72468,99,34,74,124,1
61,46205,55,17,188,279,0
34,54341,88,4,287,111,1
55,93711,95,13,142,124,1
24,67831,32,27,176,30,0
63,29043,44,29,226,115,1
30,87980,35,3,85,90,0
57,48296,19,38,179,212,0
59,111832,17,19,90,38,0
26,92001,37,24,219,83,0
67,53816,66,27,162,27,1
44,97025,22,11,173,217,0
19,66696,95,1,87,360,0
22,86319,15,42,206,215,0
46,77118,58,13,316,221,0
54,43841,68,21,69,15,1
55,48911,67,30,122,259,1
36,90749,20,22,168,266,0
25,56630,77,47,212,120,1
65,54908,94,19,105,128,1
62,41121,77,37,10,211,0
18,75589,69,3,258,11,1
39,116563,11,14,210,176,0
69,38311,15,23,10,133,0
34,65605,80,24,101,325,1
24,100305,86,0,275,320,0
42,63008,13,6,265,14,0
62,76309,60,30,225,50,1
21,38440,70,11,135,72,1
53,75707,45,41,156,69,1
23,60321,31,4,139,16,0
48,89643,14,43,240,334,0
36,94684,43,49,79,357,0
61,129739,16,41,85,56,1
71,79490,40,37,230,105,0
56,73144,53,11,146,132,0
44,69859,43,38,260,48,1
27,56170,97,17,96,248,1
43,73462,4,1,145,273,0
36,57614,26,9,76,111,0
56,69211,86,14,150,326,0
20,97939,77,29,31,336,1
62,39836,78,43,110,349,0
30,93496,42,16,35,38,0
67,97927,96,3,205,357,0
45,62048,30,6,207,240,0
37,20000,98,40,11,318,0
45,49804,16,30,256,121,1
25,97424,91,38,349,48,1
58,64428,82,33,153,10,1
56,40017,53,5,98,233,0
18,52380,61,49,375,36,1
20,86015,86,37,44,4,1
30,78668,31,44,151,44,1
45,59026,39,33,164,56,1
74,55829,12,43,257,42,0
66,55206,83,14,178,255,0
42,41939,34,13,110,228,0
73,105384,4,5,73,114,0
50,56941,72,49,122,237,1
55,95428,28,36,69,174,0
70,103032,69,49,153,255,1
23,89957,24,31,104,277,0
61,54209,94,2,30,335,0
62,75093,21,2,250,69,0
49,64395,65,21,110,326,0
62,42407,44,21,48,230,0
64,73108,68,9,136,67,0
38,35524,90,2,155,304,0
33,94691,88,11,10,36,1
71,53384,71,28,176,159,1
38,70028,0,47,66,149,0
28,72082,83,16,286,27,1
54,58527,43,6,191,72,0
53,79667,86,12,118,248,0
52,53127,95,1,90,101,1
36,86782,74,3,141,190,1
37,31350,38,9,199,96,0
74,68159,53,38,147,282,0
35,113473,87,23,132,322,1
64,39991,74,16,154,278,0
58,48056,28,5,101,17,0
66,77847,53,18,122,263,0
31,69489,89,4,10,107,0
32,73765,15,31,227,68,0
48,77229,98,9,173,128,1
18,80868,19,8,88,293,0
70,92742,45,26,301,294,0
71,75245,66,12,156,96,0
71,58968,64,18,67,1,0
20,81814,57,20,218,298,0
33,112497,52,23,181,180,0
40,61684,0,37,181,181,0
74,40636,80,3,115,235,0
28,92677,65,23,186,319,0
29,61990,28,34,129,337,0
27,20000,83,2,194,8,0
49,86185,69,3,10,27,0
33,51616,7,36,115,308,0
25,62736,28,39,287,146,1
55,73299,50,47,88,91,1
29,69762,32,34,101,342,0
41,82736,2,30,114,272,0
45,54112,59,43,52,322,1
70,77827,34,24,10,5,0
25,58511,68,39,131,82,1
45,83470,90,12,160,219,1
53,80384,75,3,145,118,0
43,41614,83,45,138,81,1
25,92149,19,13,153,70,0
67,51600,72,12,231,115,1
45,85201,38,26,134,263,0
45,74182,3,5,104,306,0
54,110954,18,16,127,142,0
58,59413,90,35,196,207,0
53,56267,44,39,262,111,1
44,64514,42,48,99,303,0
71,57420,12,34,157,112,0
34,84998,12,16,177,43,1
26,24592,59,40,70,347,0
50,38657,56,1,151,285,0
70,38304,85,12,32,128,1
37,88757,91,1,10,185,0
30,107765,51,27,179,229,0
45,62388,52,42,119,221,0
65,60779,85,25,166,352,0
46,66751,42,21,148,117,0
30,94046,82,46,71,70,1
63,41816,71,42,146,70,1
52,70959,71,2,51,110,1
23,89379,41,34,261,132,0
35,77527,89,11,41,56,0
68,69739,25,23,134,89,0
22,90026,22,4,66,137,0
64,20000,42,19,195,131,0
42,81946,76,38,123,218,1
19,48648,27,38,108,176,0
27,20000,8,12,218,171,0
73,77780,19,40,152,100,1
47,99341,55,44,191,129,1
67,61563,82,11,71,57,0
62,88821,38,12,37,181,0
22,105306,50,9,158,246,0
72,97872,11,32,124,144,0
73,105999,78,39,200,51,1
50,83553,94,15,143,218,0
71,66885,54,44,166,104,1
18,24950,77,34,20,55,1
35,58848,10,2,301,257,0
49,43918,25,4,136,346,0
64,119273,41,25,205,156,0
66,60602,26,10,83,53,0
28,68080,10,6,174,329,0
38,78787,37,9,45,187,0
43,66090,97,41,186,364,1
42,107376,42,33,121,150,1
39,49433,18,2,152,264,0
44,69865,63,7,205,250,0
66,46438,5,30,51,298,0
30,31999,45,10,95,211,0
50,49705,41,44,186,25,1
51,64074,91,6,317,294,1
58,54267,64,44,138,341,0
52,47689,98,1,197,152,0
18,29842,71,5,141,24,0
38,62922,58,40,305,252,0
65,27381,51,31,10,60,0
72,84001,46,19,157,66,0
23,67060,6,33,19,53,0
45,28561,10,49,10,106,0
34,57269,60,15,173,96,0
22,46196,67,24,161,176,0
48,72979,24,11,127,39,0
22,98511,11,6,141,168,0
55,20000,25,38,397,42,0
20,67875,11,16,129,104,0
70,60996,42,44,190,333,0
40,81783,50,10,98,204,0
54,70329,36,5,173,8,0
70,46200,45,22,130,282,0
54,57023,52,26,117,43,1
27,45099,87,45,295,110,1
27,91900,79,5,244,210,0
36,65532,12,37,160,237,0
34,112529,88,1,10,356,0
38,63483,53,21,121,319,0
31,47289,56,19,366,49,0
26,27157,3,24,131,115,0
63,20000,74,14,238,155,0
18,25396,95,48,265,137,1
68,71678,48,28,167,167,0
62,77718,6,7,82,321,0
30,25470,10,36,10,199,0
21,87375,91,48,204,71,1
18,52923,53,32,84,7,1
66,68669,86,21,164,200,0
57,105305,44,49,50,336,0
49,87420,22,46,128,67,1
51,58286,27,4,152,138,0
45,42720,56,38,171,242,0
48,20000,25,17,60,213,0
25,47021,24,37,245,181,0
56,59721,53,36,102,254,1
43,40320,28,29,16,101,0
51,61718,82,30,141,351,0
71,66921,96,9,152,87,1
71,59378,35,14,162,185,0
20,48749,13,41,258,91,0
67,69216,77,47,131,248,1
29,76048,34,43,140,214,0
18,37740,29,17,61,359,0
71,100273,91,22,215,249,0
61,62535,16,32,164,126,0
22,65471,66,15,116,4,1
47,82705,79,37,10,88,1
47,70830,29,34,265,151,0
74,88828,92,33,51,176,1
34,72178,44,27,102,211,0
65,49689,78,1,178,259,0
64,74037,88,29,54,91,1
40,36406,50,12,30,259,0
32,67713,46,40,10,191,0
54,64169,52,15,207,81,0
38,59797,63,4,106,138,0
31,61786,37,27,384,350,0
19,20000,63,38,70,126,1
28,51281,86,44,76,356,0
68,67321,88,19,104,309,1
56,68996,6,23,169,343,0
55,39308,21,26,112,230,0
51,96642,80,29,198,345,0
55,43345,81,44,71,310,0
67,89236,40,26,39,20,1
51,75679,73,25,10,49,0
35,48844,9,6,10,135,0
47,109382,56,41,108,29,1
32,35159,6,46,125,48,0
44,87978,49,37,99,269,0
68,90014,90,4,249,3,1
51,48234,51,22,248,258,0
69,99811,32,27,123,16,0
74,58748,0,33,10,94,0
55,72217,52,14,104,358,0
50,71508,59,31,102,134,0
41,61642,33,25,97,301,0
32,85270,3,47,94,327,0
47,84837,16,30,97,133,0
72,21286,3,18,119,312,0
59,97608,42,8,99,32,0
68,23437,89,28,166,305,1
34,90813,3,38,178,269,0
22,93167,0,3,77,25,0
46,37725,70,2,251,316,0
21,54729,93,28,71,59,1
27,37357,49,10,20,213,0
73,59626,72,32,180,156,0
34,57299,60,37,84,314,0
27,84491,34,10,175,276,0
34,97757,7,26,10,210,0
37,99892,23,32,261,57,0
41,50945,82,20,203,185,1
22,59769,35,38,29,54,0
51,22914,49,30,31,209,0
23,44853,42,37,283,342,0
70,89121,26,45,91,293,0
19,105389,31,1,83,340,0
30,34141,77,26,10,304,0
60,50188,17,35,121,252,0
60,64339,27,10,131,304,0
65,72004,28,46,207,112,0
28,44759,15,17,38,6,0
68,75601,98,0,28,191,0
64,53154,46,34,186,334,0
74,64638,58,34,230,279,1
40,78657,30,30,24,340,0
72,65160,3,27,236,13,0
33,54090,36,38,153,303,0
48,62259,16,0,237,44,0
28,62790,38,24,144,105,0
71,55749,47,42,10,160,0
33,58530,45,37,137,154,0
25,104966,89,19,234,242,1
21,79022,47,2,78,181,0
57,57612,38,1,118,14,0
21,82423,3,17,135,180,0
73,56654,29,43,10,292,0
42,94328,29,9,283,264,0
20,74241,21,4,77,168,0
49,62317,74,8,190,214,0
20,76192,65,1,143,150,0
44,25728,11,33,250,16,0
46,36830,93,37,182,91,1
49,35151,35,30,131,120,0
67,68573,17,9,78,253,0
68,108312,89,49,213,60,1
36,120782,52,11,10,266,0
38,80951,70,35,201,31,1
22,77521,0,20,62,21,0
35,20000,57,48,250,219,0
45,51433,89,46,162,81,1
59,45305,86,5,201,289,1
39,49478,89,47,156,31,1
38,60796,5,48,10,234,0
23,53197,69,2,81,36,0
18,20000,43,9,203,132,0
22,83697,71,4,163,324,0
58,38181,23,45,244,346,0
29,70981,85,25,182,132,1
43,116852,18,20,72,9,1
63,42015,17,44,86,30,0
51,20000,94,25,158,115,0
66,57849,29,37,10,301,0
31,92523,41,43,283,4,0
43,113958,32,25,185,325,0
62,34261,73,7,248,237,0
44,77417,11,4,23,23,0
26,53367,93,14,249,16,1
43,62351,26,15,328,22,0
74,131108,38,0,44,72,0
64,27425,8,15,211,304,0
74,71343,20,36,150,230,0
39,76692,75,2,26,107,1
64,92144,28,46,189,208,0
73,67449,32,30,216,208,0
47,72701,61,12,101,263,0
60,55208,14,15,243,51,0
65,71728,1,42,16,65,0
34,56420,51,20,30,265,0
43,80539,43,1,160,338,0
53,55759,53,26,152,301,0
18,74427,17,37,92,175,0
25,64268,2,25,214,152,0
66,93151,6,37,192,266,0
52,63715,42,45,218,329,0
69,20674,81,24,140,304,0
32,96548,37,10,198,163,0
64,42356,36,7,114,343,0
73,48655,57,7,314,238,0
39,50108,32,32,84,199,0
31,99360,58,6,318,16,1
43,20000,94,37,152,309,0
45,143443,10,20,39,296,0
40,91401,67,7,259,356,0
31,70580,81,20,160,276,1
41,63627,67,19,218,239,0
19,72138,97,7,247,69,1
62,78028,92,45,177,301,1
43,81130,87,30,102,6,1
31,78890,21,49,228,220,0
73,67239,65,28,150,254,1
68,60066,43,47,204,295,0
24,61218,5,8,10,358,0
20,60127,41,14,185,107,1
64,93344,24,29,98,295,0
40,79838,56,25,282,118,1
63,20000,84,9,199,168,0
60,81397,54,28,169,251,0
64,69868,15,15,188,82,0
62,64532,94,35,70,54,0
35,55287,13,19,279,240,0
55,93102,38,44,309,12,1
52,88688,27,36,181,209,0
68,45678,95,21,277,165,1
32,75176,91,6,104,294,0
42,40708,50,22,86,7,1
72,30509,48,40,153,78,1
54,49332,8,39,184,65,0
45,86559,57,28,118,102,1
27,88828,44,15,193,357,0
56,77827,21,37,174,300,0
74,83127,31,27,70,287,0
34,77904,68,47,191,171,1
56,48962,86,37,219,77,1
39,75798,68,30,163,48,1
43,85010,41,13,242,255,0
61,83857,52,32,52,82,0
42,94722,95,8,187,209,1
34,82707,58,26,56,209,0
30,73786,73,23,60,84,0
37,91753,38,12,99,10,0
42,64336,14,25,74,29,0
21,42953,70,28,106,304,0
27,60923,28,48,132,116,0
20,46377,2,42,216,269,0
58,48120,82,27,124,47,1
62,61387,9,27,23,359,0
35,45189,91,7,241,91,1
64,57300,28,22,83,53,0
53,20000,78,28,145,218,0
64,70332,34,4,185,348,0
39,65030,5,41,165,77,0
51,44572,11,6,237,204,0
64,81481,37,41,188,44,1
25,88439,76,35,81,156,1
57,24811,92,40,324,2,1
66,45931,18,26,165,357,0
61,45771,66,45,138,313,0
36,41502,7,1,227,57,0
59,85736,7,24,169,290,0
58,60154,83,8,181,58,1
54,58387,46,26,349,254,0
23,20000,3,0,127,180,0
69,80885,50,22,124,157,0
43,34018,84,9,159,35,1
51,66498,66,41,235,75,1
73,71934,44,24,29,289,0
62,99016,7,2,10,75,0
23,32279,86,5,103,329,0
54,20000,15,5,19,78,0
74,69596,76,1,116,255,1
50,110012,66,17,190,265,0
70,95973,8,22,78,304,0
39,70241,59,1,35,67,0
38,52709,77,11,155,221,1
23,85178,76,21,219,164,1
23,40661,70,36,14,220,0
72,76908,14,19,215,172,0
65,77636,70,38,215,254,0
21,91505,97,23,226,210,1
47,133991,40,47,247,188,1
28,74810,21,19,326,191,0
47,52275,23,0,121,215,0
48,64360,43,0,158,86,0
41,20773,0,16,116,106,0
72,47632,9,0,150,332,0
26,54767,79,44,272,296,0
72,51897,71,29,42,19,1
20,68808,55,40,81,47,1
68,44439,88,46,260,65,1
48,93025,49,2,231,146,0
57,65005,11,45,120,286,0
54,64767,88,10,218,66,1
53,56802,80,23,177,5,1
41,68879,59,21,270,93,0
48,85627,25,43,155,353,0
23,43321,77,44,232,94,1
19,48547,40,25,361,106,0
37,57406,35,12,197,133,0
45,31353,22,0,153,341,0
28,44518,42,23,207,314,0
21,53094,5,9,120,79,0
32,86859,68,34,341,212,1
23,71564,42,23,164,8,0
71,69839,24,27,128,159,0
66,86272,17,35,83,268,0
47,61565,61,15,237,149,0
73,74761,12,39,219,350,0
55,62419,42,15,110,91,0
68,71634,77,16,196,236,0
74,50431,27,14,29,289,0
19,20000,17,15,164,356,0
32,61643,58,14,186,168,0
28,100568,59,33,286,193,1
25,88155,62,10,88,187,0
43,89134,56,0,47,271,0
68,95903,91,14,78,114,1
62,67216,50,25,43,11,1
61,69932,55,3,256,55,0
22,49558,26,42,273,258,0
23,57098,31,4,175,65,0
43,80394,8,34,247,172,0
71,95097,95,12,160,272,0
21,61513,83,9,142,150,0
36,53745,91,10,123,362,0
37,65013,96,17,125,146,1
50,80030,67,33,26,209,1
37,28903,45,38,171,286,0
66,20000,97,40,146,10,1
29,51236,66,41,209,227,0
64,34482,25,49,157,186,0
18,52296,7,22,136,62,0
43,61305,5,6,80,85,0
31,53668,79,38,155,134,0
55,101311,23,2,209,323,0
54,73168,47,11,58,297,0
28,72511,93,6,156,171,1
53,80555,44,48,168,213,1
30,36529,12,25,92,18,0
60,90977,68,32,102,314,0
20,63105,24,36,168,60,0
50,81762,19,47,59,88,0
23,38203,81,14,177,27,0
67,26156,81,1,78,68,0
73,85447,65,40,235,278,0
27,74410,73,6,337,40,0
22,42448,44,31,81,109,0
40,43258,46,3,192,74,0
27,93135,62,19,91,66,1
61,35264,75,49,233,168,1
19,106066,76,35,48,262,1
30,42484,54,31,188,274,0
57,80959,74,27,80,337,0
19,56784,18,12,133,358,0
37,80079,34,0,67,237,0
18,51397,52,34,215,215,0
54,60930,25,47,83,286,0
26,66022,13,29,194,149,0
34,39945,44,35,122,318,0
26,83520,43,24,140,107,0
28,52169,87,15,161,141,0
32,59285,64,18,89,76,0
41,40141,50,0,166,9,1
55,20000,42,4,272,196,0
72,60224,85,21,87,295,1
52,125315,22,23,243,280,0
47,84615,55,42,269,118,1
48,64518,18,44,84,290,0
66,58427,81,36,33,61,1
22,65561,75,35,174,335,0
61,78677,54,35,106,306,0
67,35479,91,3,299,51,0
31,92858,91,35,152,52,1
70,82884,59,17,85,122,0
73,82954,58,49,58,167,0
28,75961,32,15,237,8,1
26,65490,18,40,104,45,1
51,81821,27,17,153,344,0
29,79795,51,21,226,245,0
52,56148,48,1,111,284,0
52,50659,36,20,146,107,0
18,67546,25,35,148,27,0
57,103725,98,43,204,193,1
39,34022,97,38,197,337,0
46,28311,98,46,132,357,0
25,69119,39,38,155,62,1
28,66272,79,28,120,62,1
58,69333,37,25,31,282,0
54,71098,76,20,170,121,0
31,59419,86,16,301,280,1
47,102246,53,15,79,39,1
52,24977,21,30,88,277,0
38,44287,15,8,80,94,0
54,62418,27,30,207,115,0
22,23920,34,13,185,176,0
36,60603,59,48,137,121,1
31,106536,44,36,76,13,0
43,65522,45,1,157,163,0
21,70767,71,47,24,275,1
42,33495,54,45,161,176,0
62,49590,85,13,219,337,0
59,55620,84,32,49,324,0
42,57057,25,34,27,173,0
35,97041,84,38,276,275,1
57,78942,24,46,101,64,0
25,37213,64,19,240,101,0
56,71162,5,1,137,322,0
57,77455,22,40,137,66,1
31,93503,63,18,185,331,0
49,104513,86,36,79,45,1
68,39622,42,17,160,87,0
55,44728,22,15,119,67,0
50,33560,95,3,44,259,1
40,59149,29,11,176,205,0
32,76658,76,28,128,178,1
50,89683,17,6,137,280,0
42,63101,86,13,53,344,0
34,57003,78,11,277,17,1
50,68793,96,34,220,296,1
64,44121,20,4,227,202,0
72,117238,56,16,125,172,0
19,24808,22,41,11,262,0
31,69618,90,31,306,194,1
70,115590,44,9,145,149,0
57,65169,43,42,90,35,0
57,60249,81,16,183,29,1
68,56063,87,4,243,263,0
56,60490,46,44,148,221,0
68,99321,39,41,252,53,1
23,20000,50,8,236,279,0
23,103335,41,48,63,353,0
20,29401,6,32,96,76,0
24,58333,49,35,226,176,0
68,54268,47,35,10,10,1
25,79713,83,17,138,117,1
59,25046,90,8,35,280,0
69,76554,5,28,111,218,0
32,115607,90,49,126,175,1
64,30920,8,13,121,234,0
46,69742,56,24,105,252,0
50,48450,30,14,62,295,0
69,75647,20,5,333,322,0
47,65478,89,41,299,6,1
56,48962,39,28,57,21,1
44,77196,44,14,276,73,1
53,110108,76,28,118,330,0
46,60227,48,3,160,36,0
55,82993,86,17,144,233,1
74,32668,19,49,97,216,0
50,41089,91,48,228,206,1
54,76810,16,43,160,44,0
44,102102,27,38,111,91,1
72,73890,40,15,45,316,0
50,57173,65,10,78,93,0
21,64982,24,13,18,339,0
39,33739,57,2,150,83,0
19,80112,40,49,54,333,0
27,87058,5,41,128,282,0
22,53697,74,37,259,21,1
27,53248,37,44,245,228,1
50,71646,5,41,147,130,0
71,54082,44,17,143,175,0
55,63346,74,19,300,108,1
30,117493,13,47,191,283,0
48,58824,65,24,123,71,1
64,56041,39,37,35,50,0
53,48811,2,12,181,95,0
62,83604,98,3,216,279,1
41,60469,96,13,99,337,0
69,48765,23,32,173,132,1
73,98032,18,27,120,276,0
32,100490,17,36,135,13,0
46,49989,63,7,10,3,1
25,20000,87,43,132,224,0
22,90187,34,33,227,175,0
46,47884,61,43,99,90,1
64,84765,0,4,154,241,0
21,20000,99,4,89,35,1
29,87314,24,30,178,14,0
62,34720,44,44,132,195,1
19,83269,48,8,74,306,0
44,65356,97,41,256,334,0
48,41151,88,31,224,213,1
68,54824,15,32,101,3,0
68,82157,97,2,189,179,1
53,67647,92,29,192,40,1
53,79610,18,49,201,164,0
43,114411,22,11,14,307,0
60,25893,82,28,230,235,0
44,105430,24,2,104,257,0
22,67608,15,25,121,360,0
37,42530,53,29,361,116,0
28,31742,72,8,174,52,0
27,60271,0,25,119,142,0
57,88041,41,1,10,86,0
55,61811,18,2,261,46,0
23,102778,96,45,42,332,1
25,28720,33,3,69,238,0
40,64697,79,24,123,10,1
64,33690,54,12,263,152,0
43,74090,17,38,211,61,0
63,87172,33,43,137,18,1
60,54480,88,34,174,86,1
29,20000,44,22,101,137,0
43,69973,5,8,161,230,0
30,75918,20,1,155,128,0
57,75107,69,40,227,104,1
35,95894,95,43,227,186,1
42,38223,47,30,189,178,0
50,82005,38,43,121,357,0
64,94812,30,46,209,6,1
57,20535,9,1,142,341,0
60,72991,29,31,63,307,0
29,52395,17,17,117,36,0
61,62961,59,12,156,327,0
53,73691,87,45,222,356,0
65,52819,72,4,135,281,0
21,48107,94,41,53,300,1
22,65853,14,43,154,14,0
73,37818,3,9,159,237,0
54,37854,62,42,164,285,0
25,81984,39,24,223,330,0
59,36280,8,33,231,50,0
66,81657,8,36,102,261,0
45,76564,25,29,100,110,0
48,21854,3,6,66,197,0
26,48060,80,5,205,252,0
71,94852,15,2,265,88,0
68,40470,14,12,124,313,0
46,53389,98,2,130,26,1
31,76551,51,25,267,262,0
57,84584,68,23,190,144,1
58,58711,4,5,184,60,0
39,50062,19,42,54,356,0
28,100559,78,48,204,268,1
40,108472,17,41,75,75,0
18,89471,1,11,59,3,0
63,67132,92,48,122,63,1
54,44793,12,35,103,236,0
38,44238,3,1,132,229,0
43,78062,41,10,34,275,0
63,75459,73,38,226,18,1
53,100039,60,33,240,80,1
71,81261,94,25,10,215,0
40,27422,7,17,228,171,0
74,91298,66,20,85,329,0
18,40048,62,35,218,255,0
71,55400,8,39,144,126,0
72,71255,93,45,152,255,1
68,114891,10,43,135,72,0
57,142747,98,21,246,38,1
32,80168,41,29,50,324,0
38,60420,12,49,198,204,0
64,78362,35,42,238,172,0
26,87191,12,29,207,223,0
70,56983,11,7,335,217,0
26,109880,36,33,107,245,0
27,70751,73,46,226,336,0
69,77443,72,8,141,191,0
74,81648,51,19,248,298,0
70,75539,70,39,149,320,1
43,85973,1,24,118,182,0
58,49568,55,18,254,334,0
52,51042,59,4,110,205,0
69,37496,22,10,36,361,0
42,75987,39,14,108,199,0
43,84473,63,7,199,332,0
28,76444,84,18,261,165,1
55,106862,22,22,158,242,0
19,64860,28,26,255,130,0
24,81718,77,39,41,227,1
35,37707,89,31,114,122,1
44,55322,50,25,126,44,1
51,82388,68,26,140,196,0
44,86227,94,18,156,358,0
34,57650,88,49,205,204,1
60,63210,30,41,114,318,0
61,27053,49,28,161,257,0
68,56074,19,38,146,17,0
71,87259,54,40,75,272,0
41,79380,80,32,140,9,1
42,77516,1,18,138,249,0
24,66244,24,36,136,201,0
69,65176,12,18,152,59,0
23,48491,91,32,156,140,1
70,82470,69,46,115,119,1
41,75524,66,15,251,41,1
50,77300,57,22,56,322,0
66,51849,98,6,92,331,0
46,20000,81,25,372,267,0
60,92428,74,31,66,8,1
39,53029,83,11,41,183,0
43,43430,63,7,208,134,0
45,82336,68,4,10,181,0
67,55199,82,41,131,355,0
38,91498,85,27,321,72,1
66,80425,58,4,26,113,0
24,82089,59,48,10,107,1
34,30851,82,25,30,290,0
37,95298,61,4,221,313,0
58,71531,15,21,239,117,0
66,55768,87,14,108,120,1
37,68584,67,12,204,147,0
71,20594,14,27,261,327,0
39,75216,88,32,292,210,1
45,39265,54,42,130,296,0
57,31183,34,22,10,103,0
66,26941,54,32,84,124,0
24,92817,13,42,115,245,0
18,49268,48,17,129,356,0
49,103343,82,49,134,209,1
30,51604,99,29,239,314,1
47,22316,6,25,251,109,0
40,37086,29,15,136,348,0
68,95895,82,12,237,50,1
73,61102,48,38,178,105,0
36,51292,88,32,155,27,1
49,69000,15,25,222,288,0
47,77544,50,47,155,257,0
46,92934,71,0,314,273,0
66,101212,81,48,34,137,1
62,56005,91,37,108,340,0
46,31848,79,1,139,301,0
47,54663,82,48,185,322,0
33,71507,41,5,251,32,0
57,40906,16,45,148,45,0
36,41071,62,49,36,265,0
35,73594,44,37,217,30,1
18,63783,76,41,210,84,1
31,65819,6,23,10,166,0
68,46037,26,17,149,316,0
64,59239,9,26,22,1,0
67,41894,33,40,96,249,0
19,87254,35,7,77,261,0
71,90881,24,27,214,63,1
45,20000,5,9,159,164,0
66,41762,23,16,47,321,0
67,27586,17,28,220,334,0
47,48749,86,5,35,201,0
55,62914,5,13,176,222,0
68,28758,28,21,84,152,0
21,41953,24,5,120,132,0
18,39901,54,25,190,114,0
25,70181,80,38,191,217,1
46,66733,45,11,256,196,0
72,46956,23,34,143,281,0
56,69420,74,13,174,202,1
20,51332,25,21,114,135,0
49,58208,97,22,164,234,1
27,106836,27,47,185,141,1
27,98511,2,6,142,196,0
36,32510,74,39,10,43,1
63,85743,37,49,176,57,0
51,85284,60,24,179,142,0
50,36293,77,12,95,210,0
40,85469,50,20,47,72,0
72,103448,89,40,268,224,1
45,36936,47,9,189,27,0
49,42062,20,8,131,128,0
67,90441,53,14,59,106,1
24,71787,55,1,84,165,0
46,78786,93,24,254,215,1
25,73514,58,12,161,71,1
18,74767,71,33,105,204,1
74,31838,50,33,190,153,0
72,91182,19,34,84,67,0
20,94239,95,37,270,90,1
41,59265,85,2,258,260,1
40,63913,58,41,112,362,0
25,26722,70,5,99,228,0
71,77856,8,47,10,79,0
74,79301,0,48,31,96,0
64,63445,28,18,42,349,0
54,93108,62,2,160,330,0
20,56648,71,17,123,246,0
68,79115,55,38,42,272,0
50,39508,67,8,127,157,0
45,64411,34,11,190,116,0
64,60641,2,4,192,18,0
25,70632,6,2,10,172,0
51,55761,26,10,139,16,0
52,61713,0,29,39,240,0
49,85651,90,3,222,56,1
41,54080,79,4,212,79,0
31,24835,70,0,78,103,0
49,108739,43,26,88,284,0
73,99536,86,27,113,193,1
63,32693,40,28,10,5,1
60,82242,74,17,176,106,1
33,52425,41,11,128,278,0
21,71587,32,12,227,100,0
69,72355,49,40,62,238,0
54,59139,62,1,100,269,0
71,45405,99,36,29,321,1
38,47736,36,44,69,86,1
31,42095,58,15,55,320,0
48,44204,80,47,229,32,1
72,63320,98,23,94,336,1
65,47106,47,34,159,51,1
35,82051,4,21,119,79,0
24,102181,47,35,48,186,1
27,50498,95,10,136,174,0
24,70985,2,45,197,106,0
50,77492,46,28,53,63,0
40,76800,61,34,214,76,1
38,66898,98,47,82,316,1
36,83567,13,14,111,321,0
65,77056,62,30,192,81,1
36,34058,60,41,96,361,0
53,86728,30,40,153,128,0
46,87182,94,42,124,183,1
35,45917,16,15,160,243,0
19,65948,23,9,10,185,0
18,82083,22,48,10,220,0
64,59767,81,31,199,71,1
22,91824,49,1,232,342,0
37,124096,77,23,77,154,1
28,45350,78,22,130,245,1
59,30473,78,1,173,140,0
19,72595,69,37,205,71,0
20,83039,26,30,10,46,1
40,59228,14,39,79,47,1
72,101331,49,25,123,79,1
29,31534,35,28,206,149,0
37,82322,7,2,349,130,0
22,49853,78,13,131,127,0
54,107984,2,24,37,119,0
55,114812,61,47,182,357,0
47,45833,46,0,255,262,0
26,51261,76,2,158,244,0
51,86489,97,25,77,103,1
70,55321,87,17,226,37,1
61,63864,95,8,203,142,0
52,65634,60,37,67,37,1
69,20000,31,22,180,8,0
39,64654,93,20,229,231,0
61,47756,12,0,244,333,0
41,52671,0,20,144,296,0
34,101090,33,26,121,107,0
27,33587,61,41,248,348,0
47,85330,78,5,53,18,1
73,58025,77,43,185,313,1
63,58005,92,35,40,83,1
40,84759,97,27,235,288,0
49,73501,81,44,129,194,1
34,79265,70,16,251,215,0
67,89204,92,39,189,281,1
68,56717,30,2,52,220,0
34,49694,63,11,263,289,0
31,37871,24,38,274,344,0
26,44364,37,11,220,194,0
57,138727,13,1,89,158,0
19,96116,7,45,125,104,0
62,31223,90,21,161,34,1
42,31938,53,22,93,102,0
56,77046,1,29,285,127,0
26,78681,80,4,161,214,0
71,78722,77,8,10,325,0
39,58626,88,20,177,296,1
60,61863,55,10,122,179,0
63,73196,93,4,144,80,1
21,67147,92,34,120,141,0
43,20000,83,26,214,31,1
46,59255,84,48,239,63,1
62,43714,60,1,172,48,1
51,69380,21,23,122,87,0
40,139631,34,30,146,304,0
54,74187,15,32,151,61,0
28,57161,49,38,85,334,0
23,88045,42,29,196,274,0
35,77067,16,45,186,284,0
38,75502,79,36,273,80,1
59,80171,57,27,250,180,0
53,116413,1,30,95,272,0
58,36727,3,10,215,77,0
55,76840,84,22,73,221,1
51,41840,38,1,205,282,0
34,78887,97,39,108,28,1
54,42032,93,40,68,361,1
42,54565,5,26,172,77,0
55,57622,80,34,10,164,0
29,89395,88,1,10,9,0
40,87961,68,38,135,175,0
70,33857,68,36,156,307,0
59,66373,19,20,120,76,0
39,47260,63,4,23,245,0
38,33537,15,44,84,122,0
44,59574,50,20,181,185,0
74,57287,36,28,196,32,0
48,125667,72,19,148,250,1
23,75823,68,37,242,57,1
44,30559,41,19,181,310,0
57,50880,56,49,90,144,0
51,90534,65,24,127,318,0
29,117211,8,1,37,84,0
62,25350,99,31,141,56,1
74,20000,85,25,238,279,0
70,111774,63,5,204,273,0
24,74740,85,40,262,166,1
27,43292,21,2,125,158,0
62,78365,33,32,257,249,0
34,20000,54,0,134,186,0
43,65084,28,4,267,78,0
38,73195,37,12,148,22,0
45,88106,96,18,206,108,0
63,39652,17,11,268,273,0
19,67142,70,47,134,252,1
71,41864,64,24,167,15,0
60,71384,96,34,253,304,1
18,42616,0,11,139,160,0
68,54797,87,29,44,205,0
70,40104,3,4,321,113,0
53,81278,3,33,112,168,0
68,86461,81,21,162,353,0
43,59134,26,38,242,253,0
46,65955,42,12,101,186,0
38,28785,58,46,69,347,0
28,57508,31,2,170,227,0
57,63744,32,19,10,16,0
28,130519,27,30,126,156,0
53,37200,54,4,169,354,0
66,101604,99,23,128,111,1
56,89921,59,39,26,1,1
57,72015,69,32,277,41,1
52,108965,61,7,158,48,1
71,74302,79,23,264,108,1
51,74728,33,49,129,161,0
72,63671,86,19,79,161,0
64,95589,87,15,171,359,0
41,92411,55,49,132,128,1
71,49358,12,11,55,210,0
39,32018,55,12,267,151,0
22,59925,17,44,100,255,0
73,44999,53,41,10,218,0
50,63411,76,38,256,30,1
53,95935,42,24,109,45,0
64,53567,38,45,101,80,1
37,63929,60,31,10,39,1
36,66450,41,23,289,240,0
52,86210,80,47,46,45,1
69,20000,78,46,154,78,1
60,49832,17,43,223,337,0
34,70282,22,8,183,349,0
62,95001,53,39,145,288,1
60,52702,29,49,13,280,0
51,20000,97,22,85,116,1
26,80492,57,49,165,269,0
43,49115,67,12,87,335,0
19,35258,66,31,166,312,0
70,49391,70,49,204,53,1
26,60386,17,14,227,68,0
26,49881,6,35,51,182,0
57,20000,39,48,325,34,0
34,87426,69,4,211,284,0
18,96871,85,21,149,306,0
42,81288,64,15,237,249,0
60,36557,67,40,339,111,1
57,59962,48,9,34,94,0
59,64836,51,23,131,179,1
42,79969,28,17,10,47,0
56,81708,20,48,165,282,0
52,46645,89,17,179,340,0
20,67049,77,6,146,362,1
67,76432,8,3,97,92,0
54,101395,46,25,10,212,0
61,82612,75,4,179,75,1
61,84726,41,15,266,202,0
68,67095,50,34,102,297,0
47,100261,55,25,185,308,0
55,75244,50,17,24,211,0
51,43472,69,28,186,338,0
29,100084,19,22,118,134,0
36,82447,87,13,89,330,0
54,53923,26,14,89,66,0
61,53012,37,48,118,280,0
66,72414,71,32,180,28,1
34,76579,64,24,45,117,0
27,69932,53,20,118,317,0
74,72782,23,16,146,325,0
72,107498,46,22,62,114,1
66,91788,70,42,293,75,1
64,69765,82,16,81,202,0
29,88532,85,13,96,59,1
33,39186,62,28,71,15,1
41,74948,56,19,293,231,0
36,110232,54,29,194,105,1
25,59548,59,18,75,165,0
48,43809,98,38,238,199,1
38,48697,61,12,166,354,0
34,37759,29,17,170,35,0
40,45380,92,22,122,162,1
54,55737,21,45,90,245,0
71,29860,74,32,177,287,0
33,65390,83,38,106,19,1
23,87556,28,39,295,280,0
25,42306,40,17,48,340,0
42,102982,41,8,272,348,0
35,77769,97,32,141,182,0
42,90764,64,31,173,147,1
29,48554,30,16,216,176,0
32,86363,29,18,99,163,0
43,37701,17,26,219,175,0
58,87256,16,5,10,47,0
62,69295,37,34,92,256,0
43,78831,13,36,76,174,0
64,35610,86,33,49,103,1
49,42623,88,19,132,121,1
27,79930,78,24,180,350,0
33,41291,55,3,206,145,0
24,76580,21,9,169,42,0
34,30821,66,9,96,29,0
40,86204,55,23,179,273,0
43,34186,18,20,159,14,0
38,78807,56,10,224,306,0
39,80640,43,26,212,313,0
24,47580,97,15,152,189,0
31,79550,34,25,78,360,0
32,71511,0,29,97,295,0
70,51528,51,48,106,183,0
24,39786,84,15,124,352,0
26,20000,92,6,171,36,0
68,73741,69,15,207,37,1
65,25879,36,34,145,14,1
25,67383,64,15,151,123,0
67,58413,50,39,161,83,0
40,81978,0,11,108,159,0
46,57448,90,34,75,329,0
35,56763,20,48,10,102,1
48,83296,52,20,94,337,0
47,73376,15,49,187,83,0
69,72903,60,42,93,44,1
56,76731,53,35,130,68,1
52,26610,39,47,187,48,0
35,83919,25,16,191,57,0
59,80311,79,31,63,75,1
56,39582,91,40,229,22,1
34,58897,64,5,240,132,0
31,64017,99,23,59,302,0
48,61637,73,26,84,267,0
41,73346,63,19,245,287,0
52,100784,42,24,138,120,0
61,92044,16,1,10,246,0
62,32194,58,8,38,56,0
51,80551,22,27,130,38,0
20,98223,6,37,56,245,0
54,74670,43,2,116,21,0
60,92274,52,19,152,110,0
57,115306,70,5,266,94,1
43,90592,78,38,126,136,1
72,71232,33,32,235,231,0
40,91127,45,0,264,8,1
61,68622,67,36,264,328,0
56,65597,77,5,172,290,0
32,56214,77,44,10,251,0
73,104085,15,33,186,361,0
66,44539,70,46,233,87,1
21,103309,95,14,143,204,1
46,77496,18,44,289,219,0
39,30017,1,25,218,241,0
42,74191,9,13,195,320,0
30,20000,49,6,236,258,0
35,80637,80,45,176,109,1
50,87130,11,30,10,256,0
33,50191,69,23,110,282,0
62,68088,21,30,245,220,0
59,113853,31,28,85,83,0
61,52356,83,41,132,107,1
19,38527,0,31,66,69,0
72,102041,53,16,292,97,1
52,114064,57,13,284,212,0
59,65092,69,39,79,286,0
51,90286,82,35,161,237,1
47,98536,17,47,95,8,1
72,46437,5,23,199,294,0
30,52867,44,44,190,189,0
30,95771,96,26,214,81,1
35,107125,22,24,176,108,0
49,79072,22,31,384,321,0
49,43004,25,17,67,67,0
52,114676,76,45,13,174,1
56,51725,6,17,118,346,0
63,56621,78,36,24,351,0
69,73558,43,25,30,328,0
46,103854,26,8,69,43,0
66,86349,25,34,76,187,0
46,75371,96,7,73,302,1
70,76582,78,19,191,200,1
61,66087,35,41,109,39,1
74,78953,54,21,135,220,0
33,20000,63,18,221,307,0
73,57584,90,29,88,4,1
61,71033,56,27,128,121,1
64,36224,68,34,179,336,0
74,74658,60,42,10,77,1
27,59888,1,10,10,179,0
47,108886,54,30,177,133,1
42,104325,96,48,189,311,1
56,53354,79,47,315,229,1
37,61229,86,38,162,276,1
22,63151,37,35,215,152,1
18,53708,79,29,134,164,0
47,69875,77,22,173,290,0
66,46042,28,18,283,109,0
20,36734,25,11,10,126,0
62,80567,34,14,183,240,0
31,80738,78,30,320,310,0
73,44892,66,42,172,345,0
47,87383,86,36,282,146,1
67,49210,28,36,99,252,0
21,71329,33,14,147,183,0
35,85508,96,28,152,309,0
54,64159,40,49,10,306,0
42,76368,40,42,56,72,1
65,52089,22,25,62,219,0
18,60088,70,43,215,207,1
70,59853,2,1,219,173,0
63,46335,57,19,175,141,0
32,60580,31,14,215,272,0
26,26284,30,3,136,214,0
32,52721,81,21,246,269,0
66,57878,42,49,150,20,1
74,58595,6,37,154,66,0
41,58962,0,22,128,303,0
21,63455,60,25,204,147,0
29,76986,13,10,116,165,0
54,86862,51,27,228,310,0
54,48755,95,1,59,6,1
60,34919,5,7,62,14,0
23,38948,9,28,204,132,0
56,52819,70,10,142,342,0
73,56201,89,36,113,243,1
63,45750,97,17,221,231,0
41,32597,29,49,101,228,0
28,53596,99,13,133,162,1
30,69535,20,9,261,283,0
51,79875,59,34,273,263,1
42,51064,80,8,275,131,0
24,54675,96,34,127,225,1
69,41832,73,10,248,258,0
21,64214,62,43,74,234,1
25,43789,41,11,77,336,0
37,79328,50,2,10,316,0
46,20353,63,38,283,24,1
71,56009,75,13,80,271,0
70,72527,55,27,139,95,1
68,69595,79,10,77,142,0
62,132325,40,38,205,182,0
63,73745,31,24,119,206,0
27,39898,14,20,45,81,0
60,62613,61,9,185,274,0
51,20593,26,42,35,276,0
74,62985,27,14,83,208,0
43,44173,80,18,10,296,1
58,87884,63,47,36,39,1
66,51261,58,21,164,288,0
20,62080,57,20,10,124,0
73,49111,1,43,31,364,0
23,108471,35,31,149,283,0
22,56968,70,49,106,180,1
22,110813,12,22,309,97,0
71,85353,14,12,296,191,0
64,77051,88,4,80,74,1
40,74218,86,3,194,273,0
66,74844,59,27,209,49,0
26,20000,21,13,102,337,0
52,58027,62,7,30,210,0
37,86128,89,8,149,116,0
66,63777,96,34,136,23,1
59,29870,74,36,115,98,1
52,63689,73,20,185,328,0
67,107602,24,17,89,313,0
35,96172,47,32,57,190,0
34,63449,42,7,158,182,0
41,88786,37,48,180,148,1
20,55837,40,16,55,342,0
49,22403,44,42,224,23,1
52,41888,87,30,10,105,1
55,104072,39,33,103,163,0
30,58150,96,5,129,67,1
73,58915,16,21,99,290,0
64,57504,87,13,104,289,0
42,112603,56,2,299,46,0
26,105648,1,11,81,81,0
21,120469,95,35,345,147,1
31,61023,61,11,184,222,0
54,72390,87,44,157,343,0
51,27083,8,1,188,15,0
28,101923,67,1,352,121,1
58,35805,80,14,70,78,0
73,70419,16,22,60,322,0
20,37567,49,28,89,295,0
45,50278,93,16,152,241,0
46,44068,39,31,11,18,1
26,49803,57,6,151,256,0
20,51521,74,29,285,277,1
42,51293,84,27,162,27,1
51,85833,20,13,126,2,0
29,37378,17,43,100,353,0
59,70513,54,29,221,295,1
26,95448,28,16,83,312,0
32,52170,23,31,297,363,0
57,47052,73,45,304,239,1
42,59236,16,5,170,13,0
22,94493,17,23,149,184,0
28,69852,41,5,232,194,0
51,51719,83,26,237,56,1
41,77096,44,17,85,230,0
32,37442,81,23,107,28,1
55,82033,16,36,44,320,0
25,75215,72,23,182,71,1
22,57304,13,37,203,210,0
65,44035,48,33,42,184,0
43,42832,28,39,113,356,0
35,78370,94,46,42,41,1
23,95724,3,14,78,260,0
54,49067,81,10,194,344,0
65,76459,19,21,91,84,0
30,20000,46,23,125,46,0
45,50384,8,0,19,159,0
22,64223,76,17,164,344,0
30,42257,78,43,146,7,1
34,41587,26,11,91,333,0
67,48305,14,42,134,136,0
57,72304,91,27,164,183,0
62,60316,18,39,84,197,0
